<?xml version="1.0" encoding="UTF-8"?>
<project-private xmlns="http://www.netbeans.org/ns/project-private/1">
    <editor-bookmarks xmlns="http://www.netbeans.org/ns/editor-bookmarks/2" lastBookmarkId="1">
        <file>
            <url>web/orders.jsp</url>
            <bookmark id="1">
                <name/>
                <line>54</line>
                <key/>
            </bookmark>
        </file>
    </editor-bookmarks>
    <open-files xmlns="http://www.netbeans.org/ns/projectui-open-files/2">
        <group>
            <file>file:/C:/Users/mirza/Desktop/WebProgramiranje/zadaca1_146/web/orders.jsp</file>
            <file>file:/C:/Users/mirza/Desktop/WebProgramiranje/zadaca1_146/web/navbar.jsp</file>
            <file>file:/C:/Users/mirza/Desktop/WebProgramiranje/zadaca1_146/web/index.jsp</file>
        </group>
    </open-files>
</project-private>
